[
	{
    "name": "MsgPack.Uwp",
    "globs": [
      {"type": "include", "path": "../CommonAssemblyInfo.cs"},
      {"type": "include", "path": "../MsgPack/**/*.cs"},
      {"type": "remove", "path": "../MsgPack/Properties/**/*.cs"},
      {"type": "remove", "path": "../MsgPack/obj/**/*.cs"},
      {"type": "include", "path": "**/*.cs"},
      {"type": "remove", "path": "obj/**/*.cs"},
      
      {"type": "remove", "path": "../MsgPack/Serialization/AbstractSerializers/**/*.cs"},
      {"type": "remove", "path": "../MsgPack/Serialization/CodeDomSerializers/**/*.cs"},
      {"type": "remove", "path": "../MsgPack/Serialization/DefaultSerializers/System_Security_Cryptography_HashAlgorithmNameMessagePackSerializer.cs"},
      {"type": "remove", "path": "../MsgPack/Serialization/EmittingSerializers/**/*.cs"},
      {"type": "remove", "path": "../MsgPack/Serialization/ExpressionSerializers/**/*.cs"},
      {"type": "remove", "path": "../MsgPack/Serialization/Metadata/**/*.cs"},
      {"type": "remove", "path": "../MsgPack/Serialization/Reflection/TracingILGenerator.*"},
      {"type": "remove", "path": "../MsgPack/Serialization/CallbackEnumMessagePackSerializer.cs"},
      {"type": "remove", "path": "../MsgPack/Serialization/CallbackMessagePackSerializer`1.cs"},
      {"type": "remove", "path": "../MsgPack/Serialization/CodeGenerationSink.cs"},
      {"type": "remove", "path": "../MsgPack/Serialization/DependentAssemblyManager.cs"},
      {"type": "remove", "path": "../MsgPack/Serialization/DefaultSerializerNameResolver.cs"},
      {"type": "remove", "path": "../MsgPack/Serialization/FromExpression.*"},
      {"type": "remove", "path": "../MsgPack/Serialization/IndividualFileCodeGenerationSink.cs"},
      {"type": "remove", "path": "../MsgPack/Serialization/ISerializerGeneratorConfiguration.cs"},
      {"type": "remove", "path": "../MsgPack/Serialization/ReflectionExtensions.ConstructorDelegate.cs"},
      {"type": "remove", "path": "../MsgPack/Serialization/SerializerAssemblyGenerationConfiguration.cs"},
      {"type": "remove", "path": "../MsgPack/Serialization/SerializerCodeInformation.cs"},
      {"type": "remove", "path": "../MsgPack/Serialization/SerializerCodeGenerationConfiguration.cs"},
      {"type": "remove", "path": "../MsgPack/Serialization/SerializerCodeGenerationContext.cs"},
      {"type": "remove", "path": "../MsgPack/Serialization/SerializerCodeGenerationResult.cs"},
      {"type": "remove", "path": "../MsgPack/Serialization/SerializerGenerator.cs"},
      {"type": "remove", "path": "../MsgPack/Serialization/TeeTextWriter.cs"},
      {"type": "remove", "path": "../MsgPack/Serialization/SingleTextWriterCodeGenerationSink.cs"},
      {"type": "remove", "path": "../MsgPack/Serialization/Tracer.cs"},
      {"type": "remove", "path": "../MsgPack/Contract.cs"},
      {"type": "remove", "path": "../MsgPack/Delegates.cs"},
      {"type": "remove", "path": "../MsgPack/MPContract.cs"},
      {"type": "remove", "path": "../MsgPack/NetFxCompatibilities.cs"},
      {"type": "remove", "path": "../MsgPack/Tuple`n.cs"},
      {"type": "remove", "path": "../MsgPack/UnsafeNativeMethods.cs"},
      {"type": "remove", "path": "../MsgPack/Volatile.cs"},
      {"type": "remove", "path": "../MsgPack/Validation.cs"}
    ]
  },
  {
    "name": "MsgPack.Unity.Full",
    "base": "MsgPack.Uwp",
    "globs": [
      {"type": "include", "path": "../MsgPack/Serialization/Tracer.cs"},
      {"type": "include", "path": "../MsgPack/MPContract.cs"},
      {"type": "include", "path": "../MsgPack/Volatile.cs"},
      {"type": "remove", "path": "../MsgPack/Serialization/CollectionSerializers/CollectionSerializerBase`2.cs"},
      {"type": "remove", "path": "../MsgPack/Serialization/CollectionSerializers/DictionarySerializerBase`3.cs"},
      {"type": "remove", "path": "../MsgPack/Serialization/CollectionSerializers/ReadOnlyCollectionMessagePackSerializer`2.cs"},
      {"type": "remove", "path": "../MsgPack/Serialization/CollectionSerializers/ReadOnlyDictionaryMessagePackSerializer`3.cs"},
      {"type": "remove", "path": "../MsgPack/Serialization/DefaultSerializers/AbstractReadOnlyCollectionMessagePackSerializer`2.cs"},
      {"type": "remove", "path": "../MsgPack/Serialization/DefaultSerializers/AbstractReadOnlyDictionaryMessagePackSerializer`3.cs"},
      {"type": "remove", "path": "../MsgPack/Serialization/DefaultSerializers/FileTimeMessagePackSerializerProvider.cs"},
      {"type": "remove", "path": "../MsgPack/Serialization/DefaultSerializers/FSharpCollectionSerializer`2.cs"},
      {"type": "remove", "path": "../MsgPack/Serialization/DefaultSerializers/FSharpMapSerializer`3.cs"},
      {"type": "remove", "path": "../MsgPack/Serialization/DefaultSerializers/ImmutableCollectionSerializer`2.cs"},
      {"type": "remove", "path": "../MsgPack/Serialization/DefaultSerializers/ImmutableDictionarySerializer`3.cs"},
      {"type": "remove", "path": "../MsgPack/Serialization/DefaultSerializers/ImmutableStackSerializer`2.cs"},
      {"type": "remove", "path": "../MsgPack/Serialization/DefaultSerializers/NativeFileTimeMessagePackSerializer.cs"},
      {"type": "remove", "path": "../MsgPack/Serialization/DefaultSerializers/SimdTypeSerializers.cs"},
      {"type": "remove", "path": "../MsgPack/Serialization/DefaultSerializers/System_Numerics_ComplexMessagePackSerializer.cs"},
      {"type": "remove", "path": "../MsgPack/Serialization/DefaultSerializers/System_Security_Cryptography_HashAlgorithmNameMessagePackSerializer.cs"},
      {"type": "remove", "path": "../MsgPack/Serialization/DefaultSerializers/TimestampFileTimeMessagePackSerializer.cs"},
      {"type": "remove", "path": "../MsgPack/Serialization/DefaultSerializers/UnixEpocFileTimeMessagePackSerializer.cs"},
      {"type": "remove", "path": "../MsgPack/Serialization/ReflectionSerializers/ReflectionTupleMessagePackSerializer`1.cs"},
      {"type": "remove", "path": "../MsgPack/Serialization/ReflectionExtensions.ConstructorDelegate.cs"},
      {"type": "remove", "path": "../MsgPack/BufferedStream.cs"},
      {"type": "remove", "path": "../MsgPack/NetStandardCompatibility.cs"},
      {"type": "remove", "path": "../MsgPack/TaskAugument.cs"},
      {"type": "remove", "path": "../MsgPack/UnsafeNativeMethods.cs"},
      {"type": "remove", "path": "../MsgPack/Validation.cs"}
    ]
  },
  {
    "name": "MsgPack.Unity",
    "base": "MsgPack.Unity.Full",
    "globs": [
      {"type": "include", "path": "../MsgPack.Unity.Full/**/*.cs"},
      {"type": "remove", "path": "../MsgPack.Unity.Full/Properties/**/*.cs"},
      {"type": "remove", "path": "../MsgPack.Unity.Full/obj/**/*.cs"},
      {"type": "remove", "path": "../MsgPack/Serialization/DefaultSerializers/System_Collections_Generic_Queue_1MessagePackSerializer`1.cs"},
      {"type": "remove", "path": "../MsgPack/Serialization/DefaultSerializers/System_Collections_Generic_Stack_1MessagePackSerializer`1.cs"},
      {"type": "remove", "path": "../MsgPack/Serialization/DefaultSerializers/System_Collections_Specialized_NameValueCollectionMessagePackSerializer.cs"},
      {"type": "remove", "path": "../MsgPack/Serialization/DefaultSerializers/System_UriMessagePackSerializer.cs"}
    ]
  },
  {
    "name": "MsgPack.Silverlight.5",
    "base": "MsgPack.Uwp",
    "globs": [
      {"type": "include", "path": "../MsgPack/UnsafeNativeMethods.cs"},
      {"type": "include", "path": "../MsgPack/Volatile.cs"},
      {"type": "include", "path": "../MsgPack/Serialization/Metadata/_MessagePackSerializer.cs"},
      {"type": "include", "path": "../MsgPack/Serialization/Metadata/_SerializationContext.cs"},
      {"type": "include", "path": "../MsgPack/Serialization/Reflection/TracingILGenerator*.cs"},
      {"type": "include", "path": "../MsgPack/Serialization/ReflectionExtensions.ConstructorDelegate.cs"},
      {"type": "include", "path": "../MsgPack/Serialization/FromExpression*.cs"},
      {"type": "remove", "path": "../MsgPack/Serialization/CollectionSerializers/ReadOnlyCollectionMessagePackSerializer`2.cs"},
      {"type": "remove", "path": "../MsgPack/Serialization/CollectionSerializers/ReadOnlyDictionaryMessagePackSerializer`3.cs"},
      {"type": "remove", "path": "../MsgPack/Serialization/DefaultSerializers/AbstractReadOnlyCollectionMessagePackSerializer`2.cs"},
      {"type": "remove", "path": "../MsgPack/Serialization/DefaultSerializers/AbstractReadOnlyDictionaryMessagePackSerializer`3.cs"},
      {"type": "remove", "path": "../MsgPack/Serialization/DefaultSerializers/FileTimeMessagePackSerializerProvider.cs"},
      {"type": "remove", "path": "../MsgPack/Serialization/DefaultSerializers/FSharpCollectionSerializer`2.cs"},
      {"type": "remove", "path": "../MsgPack/Serialization/DefaultSerializers/FSharpMapSerializer`3.cs"},
      {"type": "remove", "path": "../MsgPack/Serialization/DefaultSerializers/ImmutableCollectionSerializer`2.cs"},
      {"type": "remove", "path": "../MsgPack/Serialization/DefaultSerializers/ImmutableDictionarySerializer`3.cs"},
      {"type": "remove", "path": "../MsgPack/Serialization/DefaultSerializers/ImmutableStackSerializer`2.cs"},
      {"type": "remove", "path": "../MsgPack/Serialization/DefaultSerializers/NativeFileTimeMessagePackSerializer.cs"},
      {"type": "remove", "path": "../MsgPack/Serialization/DefaultSerializers/SimdTypeSerializers.cs"},
      {"type": "remove", "path": "../MsgPack/Serialization/DefaultSerializers/System_Collections_QueueMessagePackSerializer.cs"},
      {"type": "remove", "path": "../MsgPack/Serialization/DefaultSerializers/System_Collections_StackMessagePackSerializer.cs"},
      {"type": "remove", "path": "../MsgPack/Serialization/DefaultSerializers/System_Collections_Specialized_NameValueCollectionMessagePackSerializer.cs"},
      {"type": "remove", "path": "../MsgPack/Serialization/DefaultSerializers/System_Security_Cryptography_HashAlgorithmNameMessagePackSerializer.cs"},
      {"type": "remove", "path": "../MsgPack/Serialization/DefaultSerializers/TimestampFileTimeMessagePackSerializer.cs"},
      {"type": "remove", "path": "../MsgPack/Serialization/DefaultSerializers/UnixEpocFileTimeMessagePackSerializer.cs"},
      {"type": "remove", "path": "../MsgPack/BufferedStream.cs"},
      {"type": "remove", "path": "../MsgPack/NetStandardCompatibility.cs"},
      {"type": "remove", "path": "../MsgPack/TaskAugument.cs"}
    ]
  },
  {
    "name": "MsgPack.Silverlight.WindowsPhone",
    "base": "MsgPack.Uwp",
    "globs": [
      {"type": "remove", "path": "../MsgPack/Serialization/DefaultSerializers/SimdTypeSerializers.cs"},
      {"type": "remove", "path": "../MsgPack/Serialization/DefaultSerializers/System_Collections_QueueMessagePackSerializer.cs"},
      {"type": "remove", "path": "../MsgPack/Serialization/DefaultSerializers/System_Collections_StackMessagePackSerializer.cs"},
      {"type": "remove", "path": "../MsgPack/Serialization/DefaultSerializers/System_Collections_Specialized_NameValueCollectionMessagePackSerializer.cs"},
      {"type": "remove", "path": "../MsgPack/Serialization/DefaultSerializers/System_Numerics_ComplexMessagePackSerializer.cs"},
      {"type": "remove", "path": "../MsgPack/Serialization/DefaultSerializers/System_Security_Cryptography_HashAlgorithmNameMessagePackSerializer.cs"},
      {"type": "remove", "path": "../MsgPack/Serialization/Reflection/ReflectionHelpers.cs"},
      {"type": "remove", "path": "../MsgPack/BufferedStream.cs"},
      {"type": "remove", "path": "../MsgPack/NetStandardCompatibility.cs"},
      {"type": "remove", "path": "../MsgPack/TaskAugument.cs"}
    ]
  }
]