{
    "airflow-scheduler": {
        "arch": "amd64",
        "digest": "061f73d9229e75f91c2d8730426dc00e45f73077817ce21aa895cba4524c479c",
        "distro": "debian-11",
        "type": "NAMI",
        "version": "2.5.1-1"
    },
    "gosu": {
        "arch": "amd64",
        "digest": "9ab9654690d90d3c49ff66fb1eb286487e318adc899d036bc45922f6b176865b",
        "distro": "debian-11",
        "type": "NAMI",
        "version": "1.16.0-1"
    },
    "ini-file": {
        "arch": "amd64",
        "digest": "d82fb302437effeec0d20f104b35304c46cf295bb3af56ab00d69ad4ffd39eb0",
        "distro": "debian-11",
        "type": "NAMI",
        "version": "1.4.5-0"
    },
    "postgresql-client": {
        "arch": "amd64",
        "digest": "61b00bfe3c2675486aa377b10b1b7a5d3bdb161914729fa2c5ec3c90749cbdf8",
        "distro": "debian-11",
        "type": "NAMI",
        "version": "15.2.0-0"
    },
    "python": {
        "arch": "amd64",
        "digest": "dc98177aa6bb38b1df12fbc42b826ef1ced23b3620355832f905454a7c67b617",
        "distro": "debian-11",
        "type": "NAMI",
        "version": "3.9.16-3"
    },
    "wait-for-port": {
        "arch": "amd64",
        "digest": "f9199cd66b92fef328ecfbc5ffbc8f14be33257a4e34b8c6ba35a730c5a2f59d",
        "distro": "debian-11",
        "type": "NAMI",
        "version": "1.0.6-0"
    }
}