{
  "_meta": {
    "template_version": 0
  },
  "fixtures": [
    {
      "name": "cardholder",
      "path": "/v1/issuing/cardholders",
      "method": "post",
      "params": {
        "name": "mycardholder",
        "type": "individual",
        "billing": {
          "address": {
            "line1": "1234 Main Street",
            "city": "San Francisco",
            "state": "CA",
            "postal_code": "94111",
            "country": "US"
          }
        }
      }
    },
    {
      "name": "card",
      "path": "/v1/issuing/cards",
      "method": "post",
      "params": {
        "currency": "usd",
        "type": "virtual",
        "cardholder": "${cardholder:id}",
        "status": "active"
      }
    },
    {
      "name": "authorization_request",
      "path": "/v1/issuing/cards/${card:id}/test/authorizations",
      "method": "post",
      "params": {
        "held_amount": 100,
        "authorization_method": "online"
      }
    }
  ]
}
